#id_owner,bo_name,resident_country,addressline1,addressline2,email
BO1000,Bob Adam,United States,Richmond Road,California,bob@gmail.com
BO1001,Adam Smith,United States,Richmond Road,California,bob@gmail.com
BO1002,Sarita Deloatch,United States,Richmond Road,California,bob@gmail.com
BO1003,Ellan Tice,United States,Richmond Road,California,bob@gmail.com
BO1004,Elton Rhines,United States,Richmond Road,California,bob@gmail.com
BO1005,Shaquita Bedford,United States,Richmond Road,California,bob@gmail.com
BO1006,Jannette Wehr,United States,Richmond Road,California,bob@gmail.com
BO1007,Bibi Matsunaga,United States,Richmond Road,California,bob@gmail.com
BO1008,Reginald Fennell,United States,Richmond Road,California,bob@gmail.com
BO1009,Cristie Salas,United States,Richmond Road,California,bob@gmail.com
BO1010,Karry Nickson,United States,Richmond Road,California,bob@gmail.com
BO1011,Glory Wendt,United States,Richmond Road,California,bob@gmail.com
BO1012,Ellamae Burciaga,United States,Richmond Road,California,bob@gmail.com
BO1013,Napoleon Bray,United States,Richmond Road,California,bob@gmail.com
BO1014,Perry Littler,United States,Richmond Road,California,bob@gmail.com
BO1015,Regina Helbert,United States,Richmond Road,California,bob@gmail.com
BO1016,Asuncion Abbe,United States,Richmond Road,California,bob@gmail.com
BO1017,Christy Linthicum,United States,Richmond Road,California,bob@gmail.com
BO1018,Tomi Mccrory,United States,Richmond Road,California,bob@gmail.com
BO1019,Valarie Riendeau,United States,Richmond Road,California,bob@gmail.com
BO1020,Linette Olivo,United States,Richmond Road,California,bob@gmail.com
BO1021,Conrad Rodger,United States,Richmond Road,California,bob@gmail.com
BO1022,Natividad Urban,United States,Richmond Road,California,bob@gmail.com
BO1023,Alina Feddersen,United States,Richmond Road,California,bob@gmail.com
BO1024,Hyon Piano,United States,Richmond Road,California,bob@gmail.com
BO1025,Beverlee Netherland,United States,Richmond Road,California,bob@gmail.com
BO1026,Alease Eisert,United States,Richmond Road,California,bob@gmail.com
BO1027,Stewart Delapp,United States,Richmond Road,California,bob@gmail.com
BO1028,Deetta Campisi,United States,Richmond Road,California,bob@gmail.com
BO1029,Melvina Kinard,United States,Richmond Road,California,bob@gmail.com
BO1030,Olivia Fenster,United States,Richmond Road,California,bob@gmail.com
BO1031,Niki Prescott,United States,Richmond Road,California,bob@gmail.com
BO1032,Brady Duckworth,United States,Richmond Road,California,bob@gmail.com
BO1033,Letha Mcmurray,United States,Richmond Road,California,bob@gmail.com
BO1034,Irena Shatzer,United States,Richmond Road,California,bob@gmail.com
BO1035,Rita Shriner,United States,Richmond Road,California,bob@gmail.com
BO1036,Linsey Blurton,United States,Richmond Road,California,bob@gmail.com
BO1037,Conchita Rose,United States,Richmond Road,California,bob@gmail.com
BO1038,Osvaldo Gowdy,United States,Richmond Road,California,bob@gmail.com
BO1039,Ferne Cato,United States,Richmond Road,California,bob@gmail.com
BO1040,Leontine Mcfarling,United States,Richmond Road,California,bob@gmail.com
BO1041,Charlotte Klein,United States,Richmond Road,California,bob@gmail.com
BO1042,Lisbeth Fortenberry,United States,Richmond Road,California,bob@gmail.com
BO1043,Babette Lindquist,United States,Richmond Road,California,bob@gmail.com
BO1044,Phillis Haveman,United States,Richmond Road,California,bob@gmail.com
BO1045,Shamika Gannon,United States,Richmond Road,California,bob@gmail.com
BO1046,Exie Rivers,United States,Richmond Road,California,bob@gmail.com
BO1047,Barrett Omeara,United States,Richmond Road,California,bob@gmail.com
BO1048,Hester Risser,United States,Richmond Road,California,bob@gmail.com
BO1049,Ji Clack,United States,Richmond Road,California,bob@gmail.com
BO1050,Sanjuanita Wixon,United States,Richmond Road,California,bob@gmail.com
BO1051,Angella Plattner,United States,Richmond Road,California,bob@gmail.com
BO1052,Lannie Holliman,United States,Richmond Road,California,bob@gmail.com
BO1053,Lanie Houser,United States,Richmond Road,California,bob@gmail.com
BO1054,Lucas Degraffenreid,United States,Richmond Road,California,bob@gmail.com
BO1055,Cyrus Hosier,United States,Richmond Road,California,bob@gmail.com
BO1056,Luba Munsterman,United States,Richmond Road,California,bob@gmail.com
BO1057,Shaunta Geddes,United States,Richmond Road,California,bob@gmail.com
BO1058,Carisa Thibodeaux,United States,Richmond Road,California,bob@gmail.com
BO1059,Jacquline Hamiter,United States,Richmond Road,California,bob@gmail.com
BO1060,Janae Reichert,United States,Richmond Road,California,bob@gmail.com
BO1061,Selina Deroche,United States,Richmond Road,California,bob@gmail.com
BO1062,Rico Halter,United States,Richmond Road,California,bob@gmail.com
BO1063,Shanika Endo,United States,Richmond Road,California,bob@gmail.com
BO1064,Miki Larrimore,United States,Richmond Road,California,bob@gmail.com
BO1065,Kirk Quesenberry,United States,Richmond Road,California,bob@gmail.com
BO1066,Joellen Prete,United States,Richmond Road,California,bob@gmail.com
BO1067,Jo Soderstrom,United States,Richmond Road,California,bob@gmail.com
BO1068,Aleen Torina,United States,Richmond Road,California,bob@gmail.com
BO1069,Adaline Stacker,United States,Richmond Road,California,bob@gmail.com
BO1070,Doretta Bennefield,United States,Richmond Road,California,bob@gmail.com
BO1071,Cherish Leclair,United States,Richmond Road,California,bob@gmail.com
BO1072,Jamee Normand,United States,Richmond Road,California,bob@gmail.com
BO1073,Camie Wiese,United States,Richmond Road,California,bob@gmail.com
BO1074,Lorrie Cumming,United States,Richmond Road,California,bob@gmail.com
BO1075,Mariann Vassar,United States,Richmond Road,California,bob@gmail.com
BO1076,Regine Bachus,United States,Richmond Road,California,bob@gmail.com
BO1077,Rupert Valasquez,United States,Richmond Road,California,bob@gmail.com
BO1078,Malinda Barden,United States,Richmond Road,California,bob@gmail.com
BO1079,Bonnie Stifter,United States,Richmond Road,California,bob@gmail.com
BO1080,Margorie Dyal,United States,Richmond Road,California,bob@gmail.com
BO1081,Ha Yamashita,United States,Richmond Road,California,bob@gmail.com
BO1082,Trula Bernhard,United States,Richmond Road,California,bob@gmail.com
BO1083,Dawne Curnutte,United States,Richmond Road,California,bob@gmail.com
BO1084,Timmy Dycus,United States,Richmond Road,California,bob@gmail.com
BO1085,Elenora Blanding,United States,Richmond Road,California,bob@gmail.com
BO1086,Trudy Keegan,United States,Richmond Road,California,bob@gmail.com
BO1087,China Larson,United States,Richmond Road,California,bob@gmail.com
BO1088,Shenika Sliger,United States,Richmond Road,California,bob@gmail.com
BO1089,Maryalice Mckeehan,United States,Richmond Road,California,bob@gmail.com
BO1090,Romeo Kierstead,United States,Richmond Road,California,bob@gmail.com
BO1091,Alvaro Sulton,United States,Richmond Road,California,bob@gmail.com
BO1092,Cassandra Prinz,United States,Richmond Road,California,bob@gmail.com
BO1093,Detra Sumter,United States,Richmond Road,California,bob@gmail.com
BO1094,Casandra Dreyer,United States,Richmond Road,California,bob@gmail.com
BO1095,Rochel Petz,United States,Richmond Road,California,bob@gmail.com
BO1096,Tori Kight,United States,Richmond Road,California,bob@gmail.com
BO1097,Angelika Yann,United States,Richmond Road,California,bob@gmail.com
BO1098,Jeannine Ling,United States,Richmond Road,California,bob@gmail.com
BO1099,Magdalene Mckey,United States,Richmond Road,California,bob@gmail.com